{"cameraMode":{"drawMode":0,"name":"Shaded","section":"Shading Mode"},"sceneLighting":false,"audioPlay":false,"sceneViewState":{"showFog":true,"showMaterialUpdate":false,"showSkybox":true,"showFlares":true,"showImageEffects":true,"showParticleSystems":true},"in2DMode":false,"pivot":{"x":1029.30859375,"y":-299.7930603027344,"z":1784.374267578125},"rotation":{"x":-0.11786196380853653,"y":-0.18739888072013856,"z":0.022655317559838296,"w":-0.9749242067337036},"size":1323.7491455078125,"orthographic":false}