{"cameraMode":{"drawMode":0,"name":"Shaded","section":"Shading Mode"},"sceneLighting":false,"audioPlay":false,"sceneViewState":{"showFog":true,"showMaterialUpdate":false,"showSkybox":true,"showFlares":true,"showImageEffects":true,"showParticleSystems":true},"in2DMode":false,"pivot":{"x":624.5912475585938,"y":74.4720458984375,"z":1986.166259765625},"rotation":{"x":-0.05120554566383362,"y":-0.05629858747124672,"z":0.002891206881031394,"w":-0.9970962405204773},"size":1323.7491455078125,"orthographic":false}